{
    "loss": 11.050896644592285,
    "accuracy": 0.5467625856399536
}