{
    "loss": 1.3397749662399292,
    "accuracy": 0.8705036044120789
}